"DESCRIPTION","DURATION IN MS","NAME","PARENT SUITE","START TIME","STATUS","STOP TIME","SUB SUITE","SUITE","TEST CLASS","TEST METHOD"
"","66","l'upgrade vers Pro lève la limite et met à jour l'état d'abonnement","api","2026-10-09","passed","2026-10-09","API — Isolation, rôles et sièges","","",""
"","633","""Se souvenir de moi"" produit un cookie persistant","e2e-chromium","2026-10-09","passed","2026-10-09","Authentification","","",""
"","1612","un e-mail déjà invité est refusé","e2e-chromium","2026-10-09","passed","2026-10-09","Équipe et sièges — tenant isolé","","",""
"","558","un e-mail déjà utilisé est refusé","e2e-chromium","2026-10-09","passed","2026-10-09","Création de compte et activation","","",""
"","94","POST /auth/login retourne un jeton","api","2026-10-09","passed","2026-10-09","API — Authentification","","",""
"","19","POST /auth/signup refuse un e-mail déjà utilisé","api","2026-10-09","passed","2026-10-09","API — Authentification","","",""
"","737","la déconnexion révoque la session et protège les pages","e2e-chromium","2026-10-09","passed","2026-10-09","Authentification","","",""
"","47","la limite de sièges du plan Free est appliquée côté API","api","2026-10-09","passed","2026-10-09","API — Isolation, rôles et sièges","","",""
"","18","POST /auth/signup refuse un nom trop long","api","2026-10-09","passed","2026-10-09","API — Authentification","","",""
"","1117","l'onboarding refuse de passer une étape non renseignée","e2e-chromium","2026-10-09","passed","2026-10-09","Création de compte et activation","","",""
"","286","un visiteur anonyme est redirigé vers la connexion","e2e-chromium","2026-10-09","passed","2026-10-09","Authentification","","",""
"","19","POST /auth/signup refuse une charge invalide : invalidEmail","api","2026-10-09","passed","2026-10-09","API — Authentification","","",""
"","297","une URL inconnue renvoie une 404","e2e-chromium","2026-10-09","passed","2026-10-09","Authentification","","",""
"","28","POST /auth/signup crée une organisation","api","2026-10-09","passed","2026-10-09","API — Authentification","","",""
"","23","POST /auth/signup refuse une charge invalide : missingPassword","api","2026-10-09","passed","2026-10-09","API — Authentification","","",""
"","864","un nouveau client crée son organisation et termine son onboarding","e2e-chromium","2026-10-09","passed","2026-10-09","Création de compte et activation","","",""
"","354","le propriétaire voit les commandes de facturation","e2e-chromium","2026-10-09","passed","2026-10-09","Contrôle d'accès par rôle","","",""
"","666","le message d'erreur ne révèle pas l'existence du compte","e2e-chromium","2026-10-09","passed","2026-10-09","Authentification","","",""
"","626","connexion refusée avec un mot de passe incorrect","e2e-chromium","2026-10-09","passed","2026-10-09","Authentification","","",""
"","28","un plan inconnu est refusé","api","2026-10-09","passed","2026-10-09","API — Isolation, rôles et sièges","","",""
"","20","POST /auth/signup refuse une charge invalide : shortPassword","api","2026-10-09","passed","2026-10-09","API — Authentification","","",""
"","1812","un nom vide est refusé","e2e-chromium","2026-10-09","passed","2026-10-09","Paramètres du compte — tenant isolé","","",""
"","15","un corps JSON malformé retourne 400","api","2026-10-09","passed","2026-10-09","API — Authentification","","",""
"","361","authentifier le rôle member","setup","2026-10-09","passed","2026-10-09","","","",""
"","22","POST /auth/login refuse un mauvais mot de passe","api","2026-10-09","passed","2026-10-09","API — Authentification","","",""
"","1535","passer au plan Pro débloque de nouveaux sièges","e2e-chromium","2026-10-09","passed","2026-10-09","Équipe et sièges — tenant isolé","","",""
"","799","authentifier le rôle owner","setup","2026-10-09","passed","2026-10-09","","","",""
"","538","connexion réussie avec des identifiants valides","e2e-chromium","2026-10-09","passed","2026-10-09","Authentification","","",""
"","511","un e-mail vide bloque la soumission","e2e-chromium","2026-10-09","passed","2026-10-09","Authentification","","",""
"","1332","la limite de sièges est aussi appliquée côté serveur, pas seulement dans l'UI","e2e-chromium","2026-10-09","passed","2026-10-09","Équipe et sièges — tenant isolé","","",""
"","1807","une rétrogradation est refusée si les sièges dépassent le plan cible","e2e-chromium","2026-10-09","passed","2026-10-09","Équipe et sièges — tenant isolé","","",""
"","331","un admin peut inviter mais pas facturer","e2e-chromium","2026-10-09","passed","2026-10-09","Contrôle d'accès par rôle > en tant qu'admin","","",""
"","16","POST /auth/signup refuse une charge invalide : emptyBody","api","2026-10-09","passed","2026-10-09","API — Authentification","","",""
"","49","un membre ne peut pas créer une invitation","api","2026-10-09","passed","2026-10-09","API — Isolation, rôles et sièges","","",""
"","282","un membre ne peut pas inviter","e2e-chromium","2026-10-09","passed","2026-10-09","Contrôle d'accès par rôle > en tant que membre","","",""
"","1028","navigation entre les sections principales","e2e-chromium","2026-10-09","passed","2026-10-09","Navigation et facturation (lecture seule)","","",""
"","142","un tenant ne voit pas les membres d'un autre tenant","api","2026-10-09","passed","2026-10-09","API — Isolation, rôles et sièges","","",""
"","426","l'historique de facturation liste les factures émises","e2e-chromium","2026-10-09","passed","2026-10-09","Navigation et facturation (lecture seule)","","",""
"","288","un membre ne peut pas modifier l'abonnement","e2e-chromium","2026-10-09","passed","2026-10-09","Contrôle d'accès par rôle > en tant que membre","","",""
"","6","le menu burger ouvre la navigation","e2e-chromium","2026-10-09","skipped","2026-10-09","Navigation mobile","","",""
"","90","GET /health répond 200","api","2026-10-09","passed","2026-10-09","API — Authentification","","",""
"","11","un jeton invalide retourne 401","api","2026-10-09","passed","2026-10-09","API — Isolation, rôles et sièges","","",""
"","1193","la limite de sièges du plan Free bloque une invitation supplémentaire","e2e-chromium","2026-10-09","passed","2026-10-09","Équipe et sièges — tenant isolé","","",""
"","30","un admin ne peut pas modifier l'abonnement","api","2026-10-09","passed","2026-10-09","API — Isolation, rôles et sièges","","",""
"","1764","changer de mot de passe exige le mot de passe actuel","e2e-chromium","2026-10-09","passed","2026-10-09","Paramètres du compte — tenant isolé","","",""
"","170","GET /members est paginé et limité au tenant","api","2026-10-09","passed","2026-10-09","API — Isolation, rôles et sièges","","",""
"","11","une ressource protégée sans jeton retourne 401","api","2026-10-09","passed","2026-10-09","API — Isolation, rôles et sièges","","",""
"","1284","le propriétaire invite un membre et le siège est décompté","e2e-chromium","2026-10-09","passed","2026-10-09","Équipe et sièges — tenant isolé","","",""
"","28","une ressource inexistante retourne un message structuré","api","2026-10-09","passed","2026-10-09","API — Isolation, rôles et sièges","","",""
"","954","un mot de passe trop court est refusé","e2e-chromium","2026-10-09","passed","2026-10-09","Création de compte et activation","","",""
"","892","modifier son nom met à jour le profil","e2e-chromium","2026-10-09","passed","2026-10-09","Paramètres du compte — tenant isolé","","",""
"","745","le bouton retour restaure la page précédente","e2e-chromium","2026-10-09","passed","2026-10-09","Navigation et facturation (lecture seule)","","",""
"","789","authentifier le rôle admin","setup","2026-10-09","passed","2026-10-09","","","",""
